,0,1,2,3,4,5,6,7
A,0.11805995553731918,0.329222708940506,0.03406090289354324,0.3116838335990906,0.014617484994232655,0.02392372488975525,0.6791982650756836,0.24972906708717346
AAL,0.16834533214569092,0.2331686168909073,0.27895915508270264,0.450575590133667,0.34854578971862793,0.2690413296222687,0.6431829333305359,0.1591169536113739
AAP,0.14884509146213531,0.27164506912231445,0.0413169264793396,0.26198652386665344,0.010297870263457298,0.053460244089365005,0.7174947261810303,0.2541797459125519
AAPL,0.137790709733963,0.27297213673591614,0.01310159545391798,0.2699296772480011,0.012786018662154675,0.037579916417598724,0.6867049932479858,0.24780508875846863
ABBV,0.12582549452781677,0.3170433044433594,0.030197838321328163,0.35723283886909485,0.03485066443681717,0.015008978545665741,0.7272355556488037,0.2392398566007614
ABC,0.14060388505458832,0.2798055410385132,0.02392297238111496,0.27873483300209045,0.009784907102584839,0.03286709636449814,0.7694315314292908,0.24880370497703552
ABMD,0.1751856803894043,0.2346455454826355,0.09706243872642517,0.2871232330799103,0.08366933465003967,0.07705474644899368,0.7961435317993164,0.24214376509189606
ABT,0.1450318694114685,0.3513505756855011,0.00362340547144413,0.26101163029670715,0.0008825146942399442,0.04019157215952873,0.6625693440437317,0.23649170994758606
ACN,0.1641755998134613,0.3487700819969177,0.0,0.273605614900589,0.0,0.018793299794197083,0.7008174061775208,0.2526414692401886
ADI,0.14166824519634247,0.2486317902803421,0.030518826097249985,0.2664778232574463,0.013357474468648434,0.0972418412566185,0.7254343628883362,0.2715907394886017
ADM,0.10330355167388916,0.32868677377700806,0.01020707469433546,0.29860320687294006,0.002902164589613676,0.017117654904723167,0.6646208167076111,0.25696977972984314
ADP,0.1138855442404747,0.328196257352829,0.030670825392007828,0.3031744658946991,0.019709289073944092,0.03338511288166046,0.7176742553710938,0.24849535524845123
ADSK,0.12391411513090134,0.3293438255786896,0.05400210991501808,0.3174721598625183,0.05501750484108925,0.08915471285581589,0.631538987159729,0.2478874921798706
AEE,0.13709858059883118,0.3767276406288147,0.021205084398388863,0.2794795632362366,0.015137791633605957,0.010049376636743546,0.6790151596069336,0.23781709372997284
AEP,0.1274459958076477,0.4078467786312103,0.013477874919772148,0.26942434906959534,0.007664730306714773,0.021618714556097984,0.648950457572937,0.25591206550598145
AES,0.144257053732872,0.3464173376560211,0.037738531827926636,0.3184593617916107,0.058916911482810974,0.023362401872873306,0.6896990537643433,0.2700940668582916
AFL,0.16713197529315948,0.35482993721961975,0.06535656750202179,0.33042478561401367,0.08295983076095581,0.04175923019647598,0.6252185702323914,0.2485869973897934
AIG,0.11829523742198944,0.2448940873146057,0.07077807188034058,0.39438024163246155,0.11428756266832352,0.03130260854959488,0.7373604774475098,0.22056075930595398
AIZ,0.15715932846069336,0.315652072429657,0.03646388649940491,0.25470009446144104,0.034450143575668335,0.01848675310611725,0.7057010531425476,0.26340317726135254
AJG,0.11763174831867218,0.3914128243923187,0.03512538969516754,0.3362554907798767,0.04110826924443245,0.036517392843961716,0.5972965359687805,0.22864662110805511
AKAM,0.15725678205490112,0.3005838394165039,0.034118883311748505,0.23038606345653534,0.026266712695360184,0.019482390955090523,0.6676713824272156,0.25462013483047485
ALB,0.21010541915893555,0.3007153570652008,0.0935688391327858,0.28241610527038574,0.06495857983827591,0.059811726212501526,0.7282644510269165,0.26490774750709534
ALGN,0.12352700531482697,0.25182196497917175,0.06135831028223038,0.4095977544784546,0.11750155687332153,0.10780441015958786,0.6637997627258301,0.19507460296154022
ALK,0.11590389162302017,0.33389991521835327,0.12616132199764252,0.40414586663246155,0.14101538062095642,0.07947167009115219,0.6378723382949829,0.23806075751781464
ALL,0.1209087073802948,0.33779552578926086,0.022060412913560867,0.28851866722106934,0.01772092655301094,0.019673272967338562,0.6341816782951355,0.24456189572811127
ALLE,0.13030581176280975,0.3146257996559143,0.004025488626211882,0.22638492286205292,0.002290511503815651,0.020681824535131454,0.659904420375824,0.2728467881679535
AMAT,0.13453294336795807,0.26647332310676575,0.03950779512524605,0.3094440996646881,0.04740577191114426,0.0747368186712265,0.6834912300109863,0.2404414415359497
AMCR,0.13372236490249634,0.3490675985813141,0.05546765774488449,0.27884411811828613,0.030466433614492416,0.05724005028605461,0.6781132817268372,0.26396453380584717
AMD,0.19991695880889893,0.2748282253742218,0.061794836074113846,0.26433780789375305,0.08200892806053162,0.0874529555439949,0.5861332416534424,0.23175588250160217
AME,0.12178771942853928,0.3066283166408539,0.005123821087181568,0.27850550413131714,0.02171195112168789,0.021580005064606667,0.7198851704597473,0.25406503677368164
AMGN,0.13725285232067108,0.2835794687271118,0.0047714910469949245,0.2991790175437927,0.0016747730551287532,0.02242657169699669,0.7620718479156494,0.24936695396900177
AMP,0.14048269391059875,0.2761138677597046,0.0464942529797554,0.36802253127098083,0.07004470378160477,0.03746458888053894,0.6999531984329224,0.2154127061367035
AMT,0.1515534669160843,0.35456451773643494,0.021219957619905472,0.27459824085235596,0.012310478836297989,0.019429700449109077,0.6980757713317871,0.2225247621536255
AMZN,0.12137360870838165,0.28914856910705566,0.022415444254875183,0.25379183888435364,0.006833409890532494,0.02554371766746044,0.7142308950424194,0.23195350170135498
ANET,0.14649170637130737,0.22530846297740936,0.11159373819828033,0.32213395833969116,0.10971446335315704,0.09579254686832428,0.6971125602722168,0.2521234452724457
ANSS,0.13441240787506104,0.34617167711257935,0.032758813351392746,0.27332717180252075,0.02929745428264141,0.045869357883930206,0.6534083485603333,0.2701195478439331
ANTM,0.17568227648735046,0.3230130672454834,0.0896875411272049,0.3454238772392273,0.09421326220035553,0.06771846115589142,0.6976078748703003,0.26847463846206665
AON,0.15663780272006989,0.35205942392349243,0.01599467173218727,0.2888886034488678,0.02134782075881958,0.024447256699204445,0.6768497824668884,0.26436638832092285
AOS,0.1427331119775772,0.3316376507282257,0.019280381500720978,0.2643284797668457,0.002759618451818824,0.015046058222651482,0.6831516027450562,0.24454551935195923
APA,0.13785889744758606,0.20379015803337097,0.13721105456352234,0.6776248812675476,0.3776841163635254,0.10468526929616928,0.7761909365653992,0.1371186524629593
APD,0.15209202468395233,0.3686373233795166,0.02710605412721634,0.2874915599822998,0.006174623034894466,0.027692832052707672,0.6685120463371277,0.2665427327156067
APH,0.15028083324432373,0.37248584628105164,0.024705616757273674,0.29860812425613403,0.016356490552425385,0.042971398681402206,0.6415136456489563,0.21808528900146484
APTV,0.14662718772888184,0.23830921947956085,0.026773003861308098,0.2819441258907318,0.057760100811719894,0.0728069618344307,0.7068050503730774,0.265249639749527
ARE,0.1065516322851181,0.40500378608703613,0.019842837005853653,0.26734670996665955,0.008719044737517834,0.017735779285430908,0.5862313508987427,0.22306323051452637
ATO,0.13318133354187012,0.37466663122177124,0.021363822743296623,0.28012439608573914,0.010888081975281239,0.0088203689083457,0.7259064316749573,0.2853711247444153
ATVI,0.16957351565361023,0.245266854763031,0.044561758637428284,0.2749459743499756,0.054879844188690186,0.05853617936372757,0.7566774487495422,0.2638698220252991
AVB,0.10713284462690353,0.3862694799900055,0.02254076860845089,0.30550968647003174,0.03230135515332222,0.01967717334628105,0.6075674891471863,0.21914361417293549
AVGO,0.18033170700073242,0.28123238682746887,0.06319855153560638,0.2774445414543152,0.05715114250779152,0.04841228574514389,0.7035278081893921,0.24540293216705322
AVY,0.15309002995491028,0.2976415157318115,0.041475556790828705,0.25341111421585083,0.00565674714744091,0.03704865649342537,0.7012291550636292,0.2709139585494995
AWK,0.15323713421821594,0.3965661823749542,0.034163642674684525,0.26496031880378723,0.024014508351683617,0.03127642348408699,0.6292744874954224,0.28026992082595825
AXP,0.1551869660615921,0.2983708381652832,0.01941264234483242,0.32043322920799255,0.05114518851041794,0.051437973976135254,0.6898791790008545,0.26207634806632996
AZO,0.133217453956604,0.3203238844871521,0.03964575380086899,0.2844744026660919,0.014675108715891838,0.06987865269184113,0.660781979560852,0.24636907875537872
BA,0.19007155299186707,0.2167590856552124,0.08684363961219788,0.33270251750946045,0.14869771897792816,0.07029443979263306,0.7534583806991577,0.23005564510822296
BAC,0.12413077056407928,0.2766258120536804,0.020953770726919174,0.3175341486930847,0.04618019238114357,0.023907694965600967,0.7470114231109619,0.23839108645915985
BAX,0.11751717329025269,0.380214661359787,0.01705145835876465,0.3107559084892273,0.0011978482361882925,0.02751433104276657,0.6886448860168457,0.2587154507637024
BBWI,0.1315409243106842,0.20304469764232635,0.09636088460683823,0.3781868815422058,0.10168414562940598,0.07874318212270737,0.7115061283111572,0.19985367357730865
BBY,0.1638299971818924,0.23459675908088684,0.014867600053548813,0.2644886374473572,0.026019854471087456,0.06660677492618561,0.6908408403396606,0.22353798151016235
BDX,0.1498449146747589,0.3079768717288971,0.008767497725784779,0.31582963466644287,0.00450066477060318,0.01433014590293169,0.7483415603637695,0.25264254212379456
BEN,0.11829549074172974,0.26648959517478943,0.007891467772424221,0.2766397297382355,0.0007468273397535086,0.013225344009697437,0.7704783082008362,0.24908345937728882
BIIB,0.23033656179904938,0.27957072854042053,0.04512347653508186,0.2954055070877075,0.05760028585791588,0.0299341082572937,0.7950006127357483,0.23426732420921326
BIO,0.1309087872505188,0.3106691241264343,0.03654848784208298,0.27119752764701843,0.019270770251750946,0.05531219393014908,0.7154492139816284,0.2522569000720978
BK,0.1577160358428955,0.30267584323883057,0.020664766430854797,0.29609671235084534,0.02454957738518715,0.037816744297742844,0.6852856874465942,0.2374158501625061
BKNG,0.1258934885263443,0.27603963017463684,0.01580023020505905,0.31922659277915955,0.03324837610125542,0.04771023616194725,0.7489203810691833,0.20230944454669952
BKR,0.17035609483718872,0.25587812066078186,0.04532039910554886,0.34726816415786743,0.06222313269972801,0.04322424530982971,0.8080764412879944,0.20465344190597534
BLK,0.13792036473751068,0.3002290725708008,0.03708169609308243,0.3381584584712982,0.024926692247390747,0.031972650438547134,0.7124360799789429,0.24569356441497803
BLL,0.19014155864715576,0.34688639640808105,0.061958424746990204,0.2467881441116333,0.006399206351488829,0.038229864090681076,0.643502414226532,0.2871781587600708
BMY,0.121675044298172,0.3450447618961334,0.041379332542419434,0.2727038562297821,0.006404280196875334,0.023834625259041786,0.7042041420936584,0.2831149399280548
BR,0.16136863827705383,0.33517172932624817,0.009704053401947021,0.2637925446033478,0.0021403313148766756,0.014894220978021622,0.7580821514129639,0.2754059433937073
BRO,0.13192437589168549,0.33976951241493225,0.025743955746293068,0.31871339678764343,0.006599642336368561,0.023412328213453293,0.6562771201133728,0.26709210872650146
BSX,0.15508978068828583,0.2741059958934784,0.033516719937324524,0.27752992510795593,0.016286112368106842,0.044878799468278885,0.7122883796691895,0.23924480378627777
BWA,0.12482207268476486,0.2576822340488434,0.022044526413083076,0.2985219657421112,0.03102974407374859,0.05970321595668793,0.757293164730072,0.2529059648513794
BXP,0.12199762463569641,0.3471924364566803,0.00223007844761014,0.29773062467575073,0.03429064154624939,0.037976089864969254,0.6728807687759399,0.2406080812215805
C,0.11838351935148239,0.28087523579597473,0.04381091520190239,0.344477117061615,0.07525528222322464,0.023835860192775726,0.6881694793701172,0.20977413654327393
CAG,0.18183410167694092,0.3386608064174652,0.03442246466875076,0.22312764823436737,0.014003477990627289,0.034792304039001465,0.6804761290550232,0.27769601345062256
CAH,0.1374395191669464,0.2394983023405075,0.04120099917054176,0.31255781650543213,0.03230195865035057,0.020600125193595886,0.761229395866394,0.23841801285743713
CAT,0.1341300904750824,0.27968642115592957,0.021926090121269226,0.27556586265563965,0.013589952141046524,0.04651791974902153,0.7226529717445374,0.23803994059562683
CB,0.12451208382844925,0.3483651876449585,0.02393561229109764,0.3007954955101013,0.03242099657654762,0.02044028602540493,0.6798518896102905,0.24579179286956787
CBOE,0.15459178388118744,0.3113419711589813,0.044713035225868225,0.28948545455932617,0.03121778927743435,0.02974257804453373,0.7102866768836975,0.25245487689971924
CBRE,0.15552520751953125,0.3277713358402252,0.060802873224020004,0.2461308240890503,0.04302911087870598,0.0231820996850729,0.687569260597229,0.279105007648468
CCI,0.13009822368621826,0.386942595243454,0.020969422534108162,0.29478442668914795,0.012556498870253563,0.030030176043510437,0.6538085341453552,0.22088871896266937
CDNS,0.1392708569765091,0.29522770643234253,0.038211748003959656,0.23719047009944916,0.014035973697900772,0.07346011698246002,0.6988582611083984,0.27259576320648193
CDW,0.1546695977449417,0.2653047442436218,0.004055662080645561,0.254746675491333,0.005522604566067457,0.022824354469776154,0.7879300117492676,0.25684434175491333
CE,0.11222836375236511,0.30465951561927795,0.026016484946012497,0.33560895919799805,0.0662154108285904,0.04596646502614021,0.7377508282661438,0.2678598165512085
CERN,0.13201959431171417,0.30961012840270996,0.0119164502248168,0.2900065779685974,0.006885877810418606,0.03880566358566284,0.7558154463768005,0.26275181770324707
CF,0.13576382398605347,0.29304370284080505,0.015675446018576622,0.36378246545791626,0.03319181501865387,0.05379435047507286,0.7612677216529846,0.2131885290145874
CFG,0.13926270604133606,0.286647230386734,0.029215017333626747,0.3606575131416321,0.08588075637817383,0.059409793466329575,0.6190647482872009,0.21465958654880524
CHD,0.12744566798210144,0.33602795004844666,0.021478665992617607,0.2811480462551117,0.006705605890601873,0.014121019281446934,0.6966564655303955,0.2687808871269226
CHRW,0.10706868022680283,0.33623385429382324,0.005817440804094076,0.2553868293762207,0.003000847063958645,0.03880106285214424,0.7287663817405701,0.2664889395236969
CHTR,0.12230271100997925,0.27810943126678467,0.09472089260816574,0.2919721007347107,0.036176711320877075,0.05780172720551491,0.7150362133979797,0.2606411278247833
CI,0.10260556638240814,0.24871963262557983,0.0826534777879715,0.35686373710632324,0.08864069730043411,0.04009725898504257,0.7936545014381409,0.25464779138565063
CINF,0.14180625975131989,0.3059675395488739,0.018078899011015892,0.28422674536705017,0.009012890979647636,0.011312075890600681,0.6899616122245789,0.2501208782196045
CL,0.13506828248500824,0.3922007977962494,0.0,0.2872970998287201,0.002978359116241336,0.01587771624326706,0.6653706431388855,0.26892492175102234
CLX,0.13261623680591583,0.39470186829566956,0.01028544269502163,0.28582826256752014,0.009450300596654415,0.03869107365608215,0.6761388182640076,0.25507086515426636
CMA,0.13634321093559265,0.2875220775604248,0.04078102111816406,0.3749713599681854,0.09681381285190582,0.04428943619132042,0.6738760471343994,0.20223189890384674
CMCSA,0.11606748402118683,0.3077651262283325,0.0358702726662159,0.26208144426345825,0.015214904211461544,0.014740142971277237,0.7789110541343689,0.28307044506073
CME,0.13732516765594482,0.3213593065738678,0.029252978041768074,0.32430973649024963,0.04649444296956062,0.01181782130151987,0.7510428428649902,0.241937518119812
CMG,0.17536669969558716,0.24437245726585388,0.10555467754602432,0.27126118540763855,0.04075244441628456,0.1396564245223999,0.632687509059906,0.28014999628067017
CMI,0.132322296500206,0.28791648149490356,0.022349270060658455,0.2902076244354248,0.030417807400226593,0.02967657707631588,0.7201211452484131,0.23202335834503174
CMS,0.16219444572925568,0.40448689460754395,0.014699636958539486,0.27724164724349976,0.007484600879251957,0.023369846865534782,0.6558763980865479,0.25626909732818604
CNC,0.16450534760951996,0.24642528593540192,0.036730218678712845,0.28622937202453613,0.03292999416589737,0.04863936826586723,0.7801474332809448,0.2558174729347229
CNP,0.11192654818296432,0.32013556361198425,0.07857634127140045,0.37125638127326965,0.11156074702739716,0.031270336359739304,0.6998662948608398,0.26449838280677795
COF,0.1460123211145401,0.3004121482372284,0.03113687038421631,0.34053316712379456,0.06443961709737778,0.06864199787378311,0.6654269099235535,0.23338034749031067
COO,0.14794112741947174,0.301455557346344,0.025507425889372826,0.27243009209632874,0.00917336717247963,0.0373145192861557,0.693733274936676,0.26751333475112915
COP,0.15497738122940063,0.28756970167160034,0.06026166304945946,0.36755886673927307,0.11684872210025787,0.06899148970842361,0.8115907311439514,0.1928858906030655
COST,0.12998001277446747,0.36650538444519043,0.010475434362888336,0.274497926235199,0.0,0.01990414224565029,0.6448330283164978,0.2564246952533722
CPB,0.22283560037612915,0.31867796182632446,0.020083919167518616,0.22681424021720886,0.012648820877075195,0.019601672887802124,0.7161827087402344,0.28097817301750183
CPRT,0.19449342787265778,0.35038527846336365,0.03734312951564789,0.31139448285102844,0.01987413503229618,0.05017117038369179,0.6671926379203796,0.24724161624908447
CRL,0.1136799305677414,0.3083599805831909,0.0689028725028038,0.322246253490448,0.04936925694346428,0.04017107933759689,0.6631884574890137,0.24441753327846527
CRM,0.11217430979013443,0.25934624671936035,0.06173788756132126,0.28510788083076477,0.038484930992126465,0.056417547166347504,0.6991111040115356,0.23620958626270294
CSCO,0.1636892855167389,0.34583306312561035,0.021049506962299347,0.2372216284275055,0.007998245768249035,0.014392954297363758,0.6475887298583984,0.22922489047050476
CSX,0.1334693282842636,0.29852166771888733,0.012805839069187641,0.2685403525829315,0.006500424817204475,0.04929247498512268,0.7364063858985901,0.29651349782943726
CTAS,0.1548791080713272,0.34119725227355957,0.032450977712869644,0.30347543954849243,0.04714095965027809,0.06270302087068558,0.6429865956306458,0.2775532603263855
CTLT,0.16997599601745605,0.2959900200366974,0.02614160068333149,0.22199535369873047,0.015699021518230438,0.050731297582387924,0.6918082237243652,0.2711244225502014
CTRA,0.09799101203680038,0.23677772283554077,0.04499922692775726,0.3166230022907257,0.025018304586410522,0.01806320995092392,0.7807420492172241,0.25582078099250793
CTSH,0.15190967917442322,0.2794710099697113,0.01996469870209694,0.29215574264526367,0.020827999338507652,0.016079353168606758,0.7205843925476074,0.25077950954437256
CTXS,0.12456505745649338,0.3399147093296051,0.022938117384910583,0.27138930559158325,0.009358042851090431,0.006445857230573893,0.7394539713859558,0.2639904022216797
CVS,0.11964249610900879,0.3044837415218353,0.030037740245461464,0.2748555839061737,0.00887724943459034,0.015456408262252808,0.7546418309211731,0.28723835945129395
CVX,0.14786452054977417,0.30950990319252014,0.04296998307108879,0.3609883487224579,0.08580233156681061,0.039452217519283295,0.7612918019294739,0.25828829407691956
CZR,0.23292450606822968,0.20522883534431458,0.28351813554763794,0.45705366134643555,0.42361611127853394,0.4400407373905182,0.6949653029441833,0.18872828781604767
D,0.144997239112854,0.40139901638031006,0.04032827913761139,0.26811137795448303,0.00577044440433383,0.02720513939857483,0.649207592010498,0.27610719203948975
DAL,0.10034391283988953,0.30316290259361267,0.09690526127815247,0.4248858690261841,0.1489441990852356,0.11003827303647995,0.6489073038101196,0.21856921911239624
DD,0.1426447331905365,0.33198082447052,0.021906808018684387,0.3419698476791382,0.04116781800985336,0.02507469244301319,0.6806274652481079,0.21150393784046173
DE,0.18957364559173584,0.24981629848480225,0.02413591556251049,0.21737146377563477,0.004811480175703764,0.047334376722574234,0.7571133375167847,0.26083505153656006
DFS,0.16288353502750397,0.2940511703491211,0.02549505978822708,0.3225758373737335,0.05836395174264908,0.09170231223106384,0.6518458724021912,0.2268242985010147
DG,0.12823861837387085,0.3327751159667969,0.002690540626645088,0.26368850469589233,0.0,0.05742718279361725,0.645593523979187,0.2237544059753418
DGX,0.12275932729244232,0.39068707823753357,0.0254548080265522,0.3111841678619385,0.025868993252515793,0.01198543794453144,0.6528561115264893,0.2363310158252716
DHI,0.08598162978887558,0.24573859572410583,0.08700735121965408,0.35250723361968994,0.0832555890083313,0.05273299291729927,0.7245403528213501,0.23633752763271332
DHR,0.13508319854736328,0.3373294770717621,0.023303965106606483,0.30545756220817566,0.006173989735543728,0.02239588275551796,0.7209311127662659,0.2571200430393219
DIS,0.13829591870307922,0.3133241832256317,0.03249336779117584,0.2414441704750061,0.017085809260606766,0.017674356698989868,0.8208557367324829,0.27732518315315247
DISCA,0.1516488939523697,0.31342896819114685,0.05942428857088089,0.3313155174255371,0.049339618533849716,0.1132533997297287,0.6712865233421326,0.1887139081954956
DISCK,0.14911554753780365,0.26971498131752014,0.05573040619492531,0.3272336423397064,0.037516769021749496,0.08846982568502426,0.6896435618400574,0.19657939672470093
DISH,0.1491595059633255,0.2807662785053253,0.10361672192811966,0.3039659559726715,0.06551311910152435,0.058398906141519547,0.7136620283126831,0.26781266927719116
DLR,0.13587671518325806,0.33507269620895386,0.006089332047849894,0.26673486828804016,0.0012295425403863192,0.02036980167031288,0.6735028624534607,0.22156497836112976
DLTR,0.11787215620279312,0.2611343264579773,0.007141330745071173,0.28139686584472656,0.04293301701545715,0.011394833214581013,0.7829011082649231,0.2256210595369339
DOV,0.14181825518608093,0.37666791677474976,0.032766371965408325,0.3003859519958496,0.028309186920523643,0.042648352682590485,0.6418941617012024,0.24755306541919708
DPZ,0.13711485266685486,0.29175055027008057,0.02882419340312481,0.3090336322784424,0.0437522828578949,0.020981375128030777,0.7217180132865906,0.2704879939556122
DRE,0.1451880931854248,0.4176161289215088,0.017087668180465698,0.24096238613128662,0.0011580485152080655,0.015994437038898468,0.5974835753440857,0.2504279613494873
DRI,0.192596897482872,0.32379573583602905,0.021420538425445557,0.29173606634140015,0.016060924157500267,0.10011649131774902,0.7180246114730835,0.2648140490055084
DTE,0.12793822586536407,0.40035128593444824,0.030241481959819794,0.3107585310935974,0.037904590368270874,0.012559205293655396,0.631354808807373,0.23456808924674988
DUK,0.1427515745162964,0.4321637749671936,0.04523108899593353,0.2826516628265381,0.027104303240776062,0.024986952543258667,0.6363843679428101,0.25973233580589294
DVA,0.13979792594909668,0.33625176548957825,0.05133640021085739,0.2835436165332794,0.022616641595959663,0.018564701080322266,0.664298415184021,0.2548772394657135
DVN,0.1778458058834076,0.21348799765110016,0.17746303975582123,0.478255957365036,0.2841305732727051,0.13880418241024017,0.803403913974762,0.14910469949245453
DXC,0.1489669680595398,0.21491296589374542,0.08735666424036026,0.38949546217918396,0.13201983273029327,0.14770986139774323,0.6924270987510681,0.20478999614715576
DXCM,0.16201823949813843,0.23237399756908417,0.06486593931913376,0.26789921522140503,0.06456658244132996,0.05453529208898544,0.7192997336387634,0.2339099645614624
EA,0.13256579637527466,0.25544315576553345,0.028188621625304222,0.2984845042228699,0.020048066973686218,0.017411595210433006,0.7518736124038696,0.24034592509269714
EBAY,0.14386078715324402,0.28577756881713867,0.02727057971060276,0.25870856642723083,0.01835085079073906,0.05172356963157654,0.7053351998329163,0.24536952376365662
ECL,0.16122299432754517,0.38268011808395386,0.011599091812968254,0.28008806705474854,0.005364342126995325,0.02009699121117592,0.6649900674819946,0.24664421379566193
ED,0.14249394834041595,0.402934193611145,0.051480911672115326,0.2716508209705353,0.017449770122766495,0.007527096197009087,0.6540241837501526,0.2632087469100952
EFX,0.11646991968154907,0.3849553167819977,0.029134098440408707,0.2738933265209198,0.006701044272631407,0.0447436161339283,0.6306456327438354,0.2578159272670746
EIX,0.11090511083602905,0.3209349811077118,0.051316048949956894,0.3402002155780792,0.03480194881558418,0.04871233552694321,0.7384666800498962,0.2487521767616272
EL,0.12141480296850204,0.27166426181793213,0.05234868451952934,0.26021406054496765,0.02394849993288517,0.04661410674452782,0.7122372388839722,0.251758337020874
EMN,0.1536591500043869,0.32770469784736633,0.024973804131150246,0.3207349479198456,0.04303727298974991,0.03648334741592407,0.6776579022407532,0.21291162073612213
EMR,0.10834410786628723,0.313008576631546,0.0039127301424741745,0.3142145276069641,0.03235362470149994,0.039658017456531525,0.7343076467514038,0.24067920446395874
ENPH,0.2867835462093353,0.20900915563106537,0.16100278496742249,0.3737189471721649,0.18769751489162445,0.3737742304801941,0.45075130462646484,0.1977318674325943
EOG,0.14774273335933685,0.24201904237270355,0.09884703159332275,0.43382197618484497,0.18865381181240082,0.09394491463899612,0.8177211284637451,0.1806120127439499
EPAM,0.1860460788011551,0.2918870449066162,0.06058298796415329,0.32142552733421326,0.08823695033788681,0.08513432741165161,0.6485582590103149,0.2620328962802887
EQIX,0.16816844046115875,0.2667490541934967,0.018709372729063034,0.2146548330783844,0.0007986299460753798,0.013206545263528824,0.7578911781311035,0.2541823387145996
EQR,0.09409219771623611,0.40996021032333374,0.024805357679724693,0.31948280334472656,0.034050773829221725,0.015200018882751465,0.6031390428543091,0.22881227731704712
ES,0.14251483976840973,0.3967451751232147,0.04525584727525711,0.2690400779247284,0.026018714532256126,0.015657510608434677,0.6517102718353271,0.2805449366569519
ESS,0.1176026239991188,0.3998852074146271,0.032781217247247696,0.32014015316963196,0.04890952631831169,0.0258413664996624,0.6063641905784607,0.23394674062728882
ETN,0.08868776261806488,0.3251629173755646,0.0010431180708110332,0.3062533438205719,0.0017783602233976126,0.034043435007333755,0.6617170572280884,0.23345208168029785
ETR,0.11215633153915405,0.41006767749786377,0.047567661851644516,0.3525877594947815,0.052298638969659805,0.022405022755265236,0.6530780792236328,0.23203891515731812
ETSY,0.20830431580543518,0.30740463733673096,0.10806716233491898,0.2891058921813965,0.12172059714794159,0.12292271852493286,0.6315531730651855,0.23034821450710297
EVRG,0.14111684262752533,0.386228084564209,0.05145914852619171,0.3063727021217346,0.02401146851480007,0.013041620142757893,0.6885620951652527,0.25313127040863037
EW,0.18632574379444122,0.2713492214679718,0.035257019102573395,0.24831116199493408,0.014884797856211662,0.03235263377428055,0.7204389572143555,0.24942566454410553
EXC,0.1090446263551712,0.40559878945350647,0.02339501678943634,0.32287853956222534,0.031364575028419495,0.030336737632751465,0.6550173759460449,0.22726383805274963
EXPD,0.15250958502292633,0.32536908984184265,0.0064069610089063644,0.2663024067878723,0.004441121127456427,0.050516001880168915,0.72293621301651,0.2791661024093628
EXPE,0.15972334146499634,0.24359966814517975,0.019021721556782722,0.2553049325942993,0.031184867024421692,0.06222964823246002,0.7653769254684448,0.2382795363664627
EXR,0.17731715738773346,0.35723599791526794,0.044022031128406525,0.25599560141563416,0.01901065558195114,0.015044876374304295,0.7375066876411438,0.2571328580379486
F,0.1707998663187027,0.2491326630115509,0.02748473919928074,0.29862549901008606,0.05862906575202942,0.05409631505608559,0.7266436815261841,0.2020948976278305
FANG,0.18246051669120789,0.1886184960603714,0.20267681777477264,0.5513912439346313,0.35656484961509705,0.20876210927963257,0.8080800771713257,0.16287297010421753
FAST,0.14613494277000427,0.33419105410575867,0.034240301698446274,0.2277563214302063,0.020447874441742897,0.024432608857750893,0.69797682762146,0.2861364185810089
FB,0.12139107286930084,0.23351752758026123,0.011205443181097507,0.26547983288764954,0.0023180171847343445,0.06254571676254272,0.7260617017745972,0.2598526179790497
FBHS,0.12551745772361755,0.27630749344825745,0.04017297551035881,0.3435138463973999,0.050836652517318726,0.043663930147886276,0.7115187644958496,0.24177461862564087
FCX,0.18340466916561127,0.2530260682106018,0.03580062463879585,0.26579397916793823,0.03706583380699158,0.16958117485046387,0.6382654905319214,0.223595529794693
FDS,0.18580231070518494,0.33315950632095337,0.022898800671100616,0.2504766881465912,0.00696657644584775,0.01892702281475067,0.6928414702415466,0.2526334524154663
FDX,0.1466665416955948,0.2499091774225235,0.0623047761619091,0.3013032376766205,0.031287021934986115,0.042012084275484085,0.7845005989074707,0.27521324157714844
FE,0.11129938811063766,0.40713387727737427,0.07240567356348038,0.30722248554229736,0.061111465096473694,0.023887908086180687,0.6278548240661621,0.26779404282569885
FFIV,0.15794013440608978,0.25125718116760254,0.013604439795017242,0.2640680968761444,0.019294103607535362,0.01850469782948494,0.7283610105514526,0.24943433701992035
FIS,0.16801977157592773,0.30683350563049316,0.032794419676065445,0.26072749495506287,0.029912885278463364,0.04623519256711006,0.7322420477867126,0.2658498287200928
FISV,0.12469539791345596,0.32322850823402405,0.04174467548727989,0.3108026683330536,0.046254780143499374,0.023404834792017937,0.7460319399833679,0.2904294729232788
FITB,0.13722510635852814,0.30203527212142944,0.02524992637336254,0.3605930209159851,0.08348864316940308,0.05922068655490875,0.6392459869384766,0.22757557034492493
FLT,0.10919946432113647,0.23218248784542084,0.04792916774749756,0.32118216156959534,0.0447382926940918,0.023978516459465027,0.7772652506828308,0.25387778878211975
FMC,0.13574336469173431,0.3165033757686615,0.0060859196819365025,0.37370702624320984,0.015793081372976303,0.019565360620617867,0.7984218597412109,0.23639754951000214
FRC,0.15521296858787537,0.28527969121932983,0.021745799109339714,0.2690691351890564,0.0075788130052387714,0.024147765710949898,0.7780041694641113,0.2512354850769043
FRT,0.11089657247066498,0.34040728211402893,0.01413535326719284,0.28169330954551697,0.030176667496562004,0.04324052110314369,0.6699913740158081,0.2389841377735138
FTNT,0.1495843231678009,0.30549100041389465,0.025782229378819466,0.2864079177379608,0.020092487335205078,0.09169379621744156,0.6533164381980896,0.24955587089061737
FTV,0.14733394980430603,0.2982499301433563,0.0043364884331822395,0.2947465777397156,0.009430352598428726,0.018332654610276222,0.7388023138046265,0.2533198297023773
GD,0.11707968264818192,0.35092705488204956,0.04604244604706764,0.30557531118392944,0.035321518778800964,0.020820526406168938,0.7043222784996033,0.2740914821624756
GE,0.10481233894824982,0.2534053921699524,0.07271311432123184,0.34860754013061523,0.08674965053796768,0.0597522109746933,0.7414844036102295,0.26157325506210327
GILD,0.10882238298654556,0.3490462899208069,0.01650216616690159,0.2958947420120239,0.004887990653514862,0.028274230659008026,0.6819156408309937,0.2678910791873932
GIS,0.1343417465686798,0.36694785952568054,0.012656956911087036,0.26644444465637207,0.008151850663125515,0.010136506520211697,0.7057023644447327,0.2660536468029022
GL,0.10952531546354294,0.3695802688598633,0.020006923004984856,0.3452080488204956,0.015282400883734226,0.01962767168879509,0.6414294242858887,0.21962501108646393
GLW,0.15477555990219116,0.3147438168525696,0.03003743849694729,0.25918129086494446,0.007251848466694355,0.024823958054184914,0.692999541759491,0.22444619238376617
GM,0.1464993953704834,0.2913275957107544,0.041557565331459045,0.33401140570640564,0.06474120169878006,0.08070512861013412,0.6507534980773926,0.2062845528125763
GNRC,0.15390759706497192,0.26186686754226685,0.032430220395326614,0.27971190214157104,0.030212469398975372,0.04597604647278786,0.7116323709487915,0.22455918788909912
GOOG,0.11009162664413452,0.3084101676940918,0.03712683171033859,0.21724745631217957,0.004022717941552401,0.02302747219800949,0.7042619585990906,0.3039214313030243
GOOGL,0.11082138866186142,0.30774399638175964,0.041973210871219635,0.22638919949531555,0.01188015565276146,0.023175548762083054,0.7042005658149719,0.2994269132614136
GPC,0.10254444926977158,0.2732219994068146,0.013375895097851753,0.33660539984703064,0.024715645238757133,0.048512015491724014,0.7318860292434692,0.22873662412166595
GPN,0.13370081782341003,0.2894904613494873,0.03263752534985542,0.3094485402107239,0.036006003618240356,0.04456041753292084,0.7636431455612183,0.26029762625694275
GPS,0.14526797831058502,0.22491025924682617,0.12116635590791702,0.35366129875183105,0.1597379893064499,0.1485254317522049,0.6311120986938477,0.24599473178386688
GRMN,0.12229596823453903,0.3604244291782379,0.022686759009957314,0.3011930584907532,0.009011834859848022,0.03356674313545227,0.6428360939025879,0.2269299030303955
GS,0.13314159214496613,0.28957614302635193,0.018666084855794907,0.29172706604003906,0.022030189633369446,0.020280975848436356,0.7276050448417664,0.26013076305389404
GWW,0.11771408468484879,0.2863272428512573,0.010271739214658737,0.24915990233421326,0.0073700458742678165,0.023929746821522713,0.7279561161994934,0.2698948383331299
HAL,0.22287721931934357,0.2754644751548767,0.16889069974422455,0.3588200509548187,0.2314845323562622,0.1703733205795288,0.7625111937522888,0.21083301305770874
HAS,0.1704370677471161,0.3285924792289734,0.04833664372563362,0.26452332735061646,0.023796966299414635,0.037498440593481064,0.6651562452316284,0.25529250502586365
HCA,0.15008413791656494,0.304684579372406,0.02323131449520588,0.2875857651233673,0.025460710749030113,0.07631281763315201,0.7671579122543335,0.25526943802833557
HD,0.1392049789428711,0.3249562382698059,0.010203368961811066,0.2662709057331085,0.001569750951603055,0.04726902395486832,0.6558956503868103,0.2591232657432556
HES,0.19815680384635925,0.23300689458847046,0.09621933102607727,0.4221324026584625,0.16257622838020325,0.040938422083854675,0.7944987416267395,0.18721434473991394
HIG,0.15178431570529938,0.30781862139701843,0.02470746636390686,0.28756237030029297,0.027601944282650948,0.029715517535805702,0.6332573294639587,0.21602068841457367
HII,0.10716241598129272,0.31824514269828796,0.038841694593429565,0.2508764863014221,0.01502356119453907,0.01640247367322445,0.695473313331604,0.2681387662887573
HLT,0.11181522905826569,0.3043646216392517,0.04273567721247673,0.33637887239456177,0.04481630399823189,0.09262769669294357,0.6751500964164734,0.26489824056625366
HOLX,0.10936128348112106,0.3182940185070038,0.02146613597869873,0.30944180488586426,0.030745510011911392,0.010894604958593845,0.7318308353424072,0.2397315353155136
HON,0.0978158712387085,0.35757720470428467,0.024908466264605522,0.3227948546409607,0.032680101692676544,0.01472341176122427,0.6616343259811401,0.2438468635082245
HPE,0.1608334630727768,0.23824374377727509,0.09550514817237854,0.32038310170173645,0.06718172878026962,0.05628375709056854,0.6782411336898804,0.23349018394947052
HPQ,0.16279461979866028,0.3217366337776184,0.0957316979765892,0.32391002774238586,0.07414614409208298,0.061040543019771576,0.647002100944519,0.23855911195278168
HRL,0.15169616043567657,0.37476789951324463,0.0135613102465868,0.2674773335456848,0.007500302046537399,0.02253289334475994,0.654268741607666,0.24373848736286163
HSIC,0.1577879637479782,0.2707764804363251,0.035272449254989624,0.2972584664821625,0.02696189284324646,0.02609053999185562,0.7779154777526855,0.2475811243057251
HST,0.11326497048139572,0.3071635663509369,0.0400940403342247,0.31603318452835083,0.04915333911776543,0.04658299684524536,0.6782223582267761,0.23139327764511108
HSY,0.14390957355499268,0.35005810856819153,0.03538285195827484,0.27654844522476196,0.02012219838798046,0.04150291159749031,0.6524990797042847,0.263584703207016
HUM,0.14827199280261993,0.3253941535949707,0.07469351589679718,0.30051368474960327,0.06194593757390976,0.07789817452430725,0.7233316898345947,0.2560657262802124
HWM,0.15438532829284668,0.24513199925422668,0.09389955550432205,0.30371183156967163,0.06449690461158752,0.043777111917734146,0.7011078000068665,0.24308064579963684
IBM,0.1337853968143463,0.35153964161872864,0.025247424840927124,0.26608049869537354,0.010495839640498161,0.02967938221991062,0.6436094641685486,0.22970032691955566
ICE,0.17423906922340393,0.3207508325576782,0.027301263064146042,0.27155977487564087,0.01666112244129181,0.016512786969542503,0.7094146013259888,0.26729631423950195
IDXX,0.13968943059444427,0.29760876297950745,0.04963245242834091,0.296114981174469,0.023120375350117683,0.03647562861442566,0.7142156362533569,0.2401607781648636
IEX,0.1779114007949829,0.31034064292907715,0.011903278529644012,0.2491549551486969,0.0027151410467922688,0.027957921847701073,0.6582053303718567,0.2550736963748932
IFF,0.1322430819272995,0.34392741322517395,0.047790512442588806,0.25402331352233887,0.004447265528142452,0.03425208851695061,0.589324951171875,0.2687414884567261
ILMN,0.13402685523033142,0.23755496740341187,0.06136500835418701,0.2941987216472626,0.06008216738700867,0.03394244238734245,0.6889401078224182,0.23372116684913635
INCY,0.13026010990142822,0.21560722589492798,0.010156555101275444,0.3150833547115326,0.008681828156113625,0.030254896730184555,0.844385027885437,0.26203715801239014
INFO,0.1679132580757141,0.3382805585861206,0.01377549022436142,0.25827667117118835,0.0011465834686532617,0.04884590208530426,0.6847639679908752,0.2589905560016632
INTC,0.13093645870685577,0.2625426650047302,0.026946835219860077,0.31064051389694214,0.00729100639000535,0.04174308851361275,0.8166319131851196,0.22148916125297546
INTU,0.15855373442173004,0.28067830204963684,0.048540085554122925,0.2820715308189392,0.04447999969124794,0.05814749002456665,0.6954474449157715,0.2633240520954132
IP,0.1454160362482071,0.38705378770828247,0.009543001651763916,0.3448178470134735,0.02604050748050213,0.021158356219530106,0.6582841277122498,0.21951819956302643
IPG,0.18171456456184387,0.30978792905807495,0.03192758560180664,0.2898563742637634,0.027897793799638748,0.030775146558880806,0.6774762868881226,0.2500068247318268
IPGP,0.16343176364898682,0.25997787714004517,0.07922869175672531,0.35551589727401733,0.08532855659723282,0.02952287532389164,0.7933087348937988,0.2296522855758667
IQV,0.1355971246957779,0.3316219449043274,0.06280817836523056,0.38133570551872253,0.06233974173665047,0.03809579461812973,0.7437068819999695,0.29709404706954956
IR,0.15251244604587555,0.3123951852321625,0.048629842698574066,0.2929520606994629,0.040256429463624954,0.024689670652151108,0.7297362685203552,0.25172218680381775
IRM,0.14841115474700928,0.3664691746234894,0.05003497004508972,0.2905622720718384,0.029570912942290306,0.02364743873476982,0.6273202896118164,0.24139754474163055
ISRG,0.1497122198343277,0.22671744227409363,0.07498101145029068,0.3014453947544098,0.04654473066329956,0.0565040186047554,0.753292977809906,0.2401086539030075
IT,0.19048526883125305,0.33870792388916016,0.029886575415730476,0.2709394693374634,0.020304899662733078,0.025653081014752388,0.6727490425109863,0.2729167938232422
ITW,0.11818410456180573,0.32157835364341736,0.003005311358720064,0.29522937536239624,0.018681475892663002,0.008253073319792747,0.69773268699646,0.2500097453594208
IVZ,0.12106496095657349,0.24288244545459747,0.017826830968260765,0.30278757214546204,0.0076334187760949135,0.041760481894016266,0.7992253303527832,0.2222137600183487
J,0.13461081683635712,0.30709806084632874,0.013956942595541477,0.2683540880680084,0.010680860839784145,0.019128620624542236,0.7371993064880371,0.2084040492773056
JBHT,0.16950443387031555,0.2860136032104492,0.02857564017176628,0.24601691961288452,0.0015747867291793227,0.039115164428949356,0.771856963634491,0.28470852971076965
JCI,0.1009175106883049,0.34638574719429016,0.004348515532910824,0.3085106313228607,0.02246866002678871,0.058010246604681015,0.5848088264465332,0.21441978216171265
JKHY,0.17487744987010956,0.33434978127479553,0.043704066425561905,0.2450963407754898,0.012645290233194828,0.010475273244082928,0.6957741975784302,0.2735632359981537
JNJ,0.15110613405704498,0.35263028740882874,0.00277138059027493,0.2659893333911896,0.0017438645008951426,0.0022338260896503925,0.7345527410507202,0.2799932062625885
JNPR,0.16266889870166779,0.3535347580909729,0.02996891364455223,0.22561776638031006,0.009213054552674294,0.0406852662563324,0.6352941393852234,0.2745323181152344
JPM,0.12275508046150208,0.3158406913280487,0.023224862292408943,0.3272809386253357,0.05020047724246979,0.01796082966029644,0.7000160813331604,0.2554299533367157
K,0.15420766174793243,0.38106974959373474,0.01987466588616371,0.27112650871276855,0.010967233218252659,0.005672907922416925,0.6871180534362793,0.26114484667778015
KEYS,0.14860999584197998,0.27646031975746155,0.0039003819692879915,0.2968255579471588,0.0023103675339370966,0.06666188687086105,0.7307374477386475,0.206615149974823
KHC,0.16178493201732635,0.33207079768180847,0.07213930785655975,0.33751508593559265,0.07862567901611328,0.01801287569105625,0.7008159160614014,0.24586839973926544
KIM,0.09425600618124008,0.28094568848609924,0.0672498345375061,0.35905322432518005,0.07221418619155884,0.04514005035161972,0.7024776935577393,0.24528324604034424
KLAC,0.1282501369714737,0.2618791460990906,0.032111652195453644,0.32577764987945557,0.04448714852333069,0.0927690789103508,0.7046828269958496,0.23729152977466583
KMB,0.11931018531322479,0.29105255007743835,0.012730514630675316,0.24240490794181824,0.006164107471704483,0.01020432822406292,0.7354989051818848,0.2941373288631439
KMI,0.13214018940925598,0.29216185212135315,0.027178172022104263,0.33154773712158203,0.06753906607627869,0.04179936647415161,0.7043229341506958,0.21669018268585205
KMX,0.13379603624343872,0.2634647488594055,0.03812970593571663,0.2516450583934784,0.014441287145018578,0.0257501732558012,0.6779128313064575,0.24863354861736298
KO,0.10267021507024765,0.39690425992012024,0.007351485081017017,0.3050895035266876,0.00539771281182766,0.021972255781292915,0.64598149061203,0.26219189167022705
KR,0.12385109066963196,0.2717069089412689,0.0,0.24738842248916626,0.001801172154955566,0.0371844545006752,0.7634300589561462,0.2734422981739044
L,0.09844016283750534,0.36050865054130554,0.0008930200128816068,0.364779531955719,0.019966790452599525,0.015817219391465187,0.6511825919151306,0.22465626895427704
LDOS,0.1583310067653656,0.3205792307853699,0.052993275225162506,0.26861801743507385,0.02944929152727127,0.04048951715230942,0.7002589702606201,0.29320213198661804
LH,0.13374783098697662,0.3906397521495819,0.044298719614744186,0.3100450038909912,0.052952732890844345,0.044386040419340134,0.666839599609375,0.25873446464538574
LHX,0.15219242870807648,0.3180783689022064,0.08054152131080627,0.2345680445432663,0.0400526225566864,0.013438616879284382,0.7139014601707458,0.293295681476593
LIN,0.15664935111999512,0.3271571397781372,0.021297045052051544,0.28126779198646545,0.008783741854131222,0.023415079340338707,0.7029776573181152,0.28103557229042053
LKQ,0.15701690316200256,0.28006455302238464,0.05664598569273949,0.302832692861557,0.06845275312662125,0.06435561925172806,0.7180326581001282,0.2643785774707794
LLY,0.13753293454647064,0.304374098777771,0.022842543199658394,0.27344223856925964,0.016102973371744156,0.015639837831258774,0.7506422400474548,0.2906683385372162
LMT,0.1272074580192566,0.3426681458950043,0.06763899326324463,0.269290953874588,0.022329477593302727,0.0021031133364886045,0.6842054128646851,0.28042879700660706
LNC,0.1886717528104782,0.23401114344596863,0.09855400770902634,0.3394029140472412,0.09899501502513885,0.1350466012954712,0.6845677495002747,0.17978088557720184
LNT,0.1463521271944046,0.40036603808403015,0.018307531252503395,0.2813069820404053,0.010020784102380276,0.013530857861042023,0.6839582920074463,0.24390947818756104
LOW,0.15531547367572784,0.3002185821533203,0.022463206201791763,0.27694982290267944,0.027632305398583412,0.02821553871035576,0.6660742163658142,0.23514296114444733
LRCX,0.1496259868144989,0.2577647864818573,0.04342084750533104,0.3482041656970978,0.0627501904964447,0.08343897014856339,0.6911104917526245,0.23525844514369965
LUMN,0.12174007296562195,0.1845022588968277,0.04787110537290573,0.28990083932876587,0.0017662508180364966,0.04451848194003105,0.8053784370422363,0.24641449749469757
LUV,0.12407760322093964,0.3416735529899597,0.09195536375045776,0.35068193078041077,0.07661794871091843,0.08155572414398193,0.584510862827301,0.23413771390914917
LVS,0.13527798652648926,0.2609770894050598,0.1098676547408104,0.37312939763069153,0.11387309432029724,0.06482399255037308,0.7123245000839233,0.21444262564182281
LW,0.15322738885879517,0.26495060324668884,0.013994308188557625,0.33119264245033264,0.019985392689704895,0.01876663602888584,0.8554840087890625,0.22191226482391357
LYB,0.17496678233146667,0.2947843074798584,0.07576758414506912,0.31885650753974915,0.07352252304553986,0.05407359078526497,0.7361976504325867,0.2503930926322937
LYV,0.15227405726909637,0.24519990384578705,0.0484737902879715,0.23987016081809998,0.03831285610795021,0.11603373289108276,0.6179385781288147,0.25984567403793335
MA,0.106706902384758,0.23581838607788086,0.026699040085077286,0.2926524877548218,0.027857618406414986,0.038617853075265884,0.7546250820159912,0.25733253359794617
MAA,0.15393520891666412,0.39406636357307434,0.028976334258913994,0.2571267783641815,0.01652904599905014,0.035539090633392334,0.6335161924362183,0.2618430256843567
MAR,0.09183327108621597,0.289615660905838,0.09892649948596954,0.3875714838504791,0.09606008231639862,0.12360065430402756,0.6246896982192993,0.23762142658233643
MAS,0.14970111846923828,0.33602121472358704,0.014311126433312893,0.3209856152534485,0.009500025771558285,0.024224936962127686,0.693343460559845,0.23579269647598267
MCD,0.12397661060094833,0.333239883184433,0.014619947411119938,0.29672369360923767,0.013086489401757717,0.027423257008194923,0.7178059220314026,0.2660309374332428
MCHP,0.15889613330364227,0.27050283551216125,0.03851645067334175,0.27870655059814453,0.012776956893503666,0.08805322647094727,0.7628090381622314,0.2507040202617645
MCK,0.10544578731060028,0.318977028131485,0.04077891632914543,0.289602130651474,0.03152159973978996,0.04233185574412346,0.6672177910804749,0.2573448121547699
MCO,0.1758696585893631,0.34877485036849976,0.02752823568880558,0.29627588391304016,0.03709381818771362,0.027301695197820663,0.6537327766418457,0.24389994144439697
MDLZ,0.13547460734844208,0.35407859086990356,0.023132439702749252,0.26094844937324524,0.0,0.02496808022260666,0.6533675789833069,0.25112900137901306
MDT,0.12474855035543442,0.319375216960907,0.014498929493129253,0.3447708487510681,0.022371992468833923,0.03664137423038483,0.7805439829826355,0.2290475219488144
MET,0.13112439215183258,0.27010437846183777,0.044395968317985535,0.3328359127044678,0.0422433540225029,0.0412505641579628,0.6964728236198425,0.23427051305770874
MGM,0.12378354370594025,0.26635655760765076,0.1527232676744461,0.42253443598747253,0.15559236705303192,0.11278040707111359,0.7286058664321899,0.2387109398841858
MHK,0.1238967701792717,0.26633232831954956,0.09511871635913849,0.4178212285041809,0.07179425656795502,0.07306332886219025,0.7198894619941711,0.1998179852962494
MKC,0.1468934416770935,0.3387259840965271,0.035887207835912704,0.24872849881649017,0.017938118427991867,0.02692452073097229,0.6315526366233826,0.2620299756526947
MKTX,0.16763301193714142,0.27683472633361816,0.026451008394360542,0.3159605860710144,0.02770664170384407,0.06109609454870224,0.7565855979919434,0.23126089572906494
MLM,0.1502101570367813,0.35031062364578247,0.03479253500699997,0.290904700756073,0.03873324394226074,0.021074797958135605,0.7105545401573181,0.27176418900489807
MMC,0.11072961986064911,0.35214924812316895,0.012422817759215832,0.31895336508750916,0.009143827483057976,0.03552541136741638,0.6666523218154907,0.26351726055145264
MMM,0.13415272533893585,0.341747909784317,0.006510380655527115,0.27348729968070984,0.0,0.025759460404515266,0.716580867767334,0.2629207968711853
MNST,0.11525316536426544,0.2723078727722168,0.015127623453736305,0.3019263744354248,0.005995213519781828,0.02624899335205555,0.6992765665054321,0.21115407347679138
MO,0.13375838100910187,0.32433149218559265,0.022831758484244347,0.22133953869342804,0.0294934269040823,0.03738154470920563,0.7268967628479004,0.28168225288391113
MOS,0.2194412499666214,0.2837023138999939,0.014463466592133045,0.2793307900428772,0.04778313636779785,0.129882350564003,0.7303433418273926,0.21616637706756592
MPC,0.12003595381975174,0.2566153109073639,0.1422288566827774,0.46664464473724365,0.1763504296541214,0.08120688796043396,0.7591549158096313,0.2097587287425995
MPWR,0.15413658320903778,0.27784526348114014,0.05147295817732811,0.2811149060726166,0.02710484340786934,0.11991670727729797,0.6902304887771606,0.21643774211406708
MRK,0.14270874857902527,0.3308798372745514,0.053425636142492294,0.28562644124031067,0.014202974736690521,0.01863102987408638,0.7182546854019165,0.2842143476009369
MRO,0.21850493550300598,0.2028360217809677,0.055268485099077225,0.49518343806266785,0.17539696395397186,0.07823494076728821,0.8150954842567444,0.17053966224193573
MS,0.13125905394554138,0.2793070375919342,0.00043989456025883555,0.306504487991333,0.03922998160123825,0.031555674970149994,0.7017388343811035,0.23319454491138458
MSCI,0.1450468748807907,0.2939661741256714,0.03796360269188881,0.2812163531780243,0.03996795043349266,0.04384550452232361,0.6870490908622742,0.2545716464519501
MSFT,0.10797122865915298,0.2762938141822815,0.027958137914538383,0.26111823320388794,0.004972119349986315,0.04183889552950859,0.7050703763961792,0.2780376970767975
MSI,0.1323939561843872,0.3206886351108551,0.009568072855472565,0.2917226254940033,0.00396281061694026,0.029609907418489456,0.7019086480140686,0.23847860097885132
MTB,0.1607227921485901,0.29075390100479126,0.027778321877121925,0.305708110332489,0.025160999968647957,0.03235330432653427,0.7223407030105591,0.24248243868350983
MTCH,0.2517099976539612,0.19105838239192963,0.07792128622531891,0.27149826288223267,0.05705927312374115,0.09929854422807693,0.715710461139679,0.22697901725769043
MTD,0.13876277208328247,0.2998219132423401,0.036664336919784546,0.24244467914104462,0.009154784493148327,0.04078994691371918,0.6931328177452087,0.27016934752464294
MU,0.1671169400215149,0.2435007393360138,0.05881723016500473,0.31410062313079834,0.03210197016596794,0.15027940273284912,0.7088189125061035,0.23412971198558807
NCLH,0.2725664973258972,0.25828519463539124,0.307880163192749,0.4182925224304199,0.3928374648094177,0.3018648028373718,0.6374558210372925,0.25676169991493225
NDAQ,0.1542070358991623,0.33696478605270386,0.05105060711503029,0.2846069037914276,0.01509108580648899,0.02622845210134983,0.6958123445510864,0.271332710981369
NEE,0.13904769718647003,0.36013153195381165,0.02877199277281761,0.29717376828193665,0.015900256112217903,0.033200208097696304,0.6731288433074951,0.24283583462238312
NEM,0.11828254163265228,0.3065944015979767,0.050838932394981384,0.2880382239818573,0.040071599185466766,0.0716138482093811,0.6730892658233643,0.22877833247184753
NFLX,0.15294848382472992,0.26275327801704407,0.0779327005147934,0.29385319352149963,0.052050381898880005,0.05737076699733734,0.7017079591751099,0.25360018014907837
NI,0.14081266522407532,0.4232238531112671,0.033655740320682526,0.2718355059623718,0.021929964423179626,0.012568822130560875,0.6539602279663086,0.2811110019683838
NKE,0.12318208813667297,0.3278490900993347,0.0786392018198967,0.2984141409397125,0.06822209805250168,0.03734146058559418,0.7134872078895569,0.2489057183265686
NLOK,0.1845947802066803,0.23141086101531982,0.14527085423469543,0.32953131198883057,0.14736954867839813,0.034934867173433304,0.7114080786705017,0.23862813413143158
NLSN,0.12913265824317932,0.2677266299724579,0.02449229173362255,0.2534821927547455,0.019435197114944458,0.02218763716518879,0.7319122552871704,0.25399160385131836
NOC,0.13393576443195343,0.318462073802948,0.03276709467172623,0.29649031162261963,0.013432357460260391,0.010277225635945797,0.7809262275695801,0.28938210010528564
NOW,0.16086208820343018,0.329636812210083,0.08637470006942749,0.2501504421234131,0.054755136370658875,0.06288786977529526,0.5808499455451965,0.2429029494524002
NRG,0.16627877950668335,0.33932483196258545,0.050330642610788345,0.28315356373786926,0.032709576189517975,0.02587529830634594,0.6958642601966858,0.25772812962532043
NTAP,0.14553095400333405,0.2670748233795166,0.07970616221427917,0.3511817455291748,0.05467658117413521,0.04870666190981865,0.6455985903739929,0.19713124632835388
NTRS,0.13946902751922607,0.3007512390613556,0.008770765736699104,0.28465428948402405,0.03156238794326782,0.04147762060165405,0.6665142178535461,0.22651684284210205
NUE,0.14115206897258759,0.24363265931606293,0.011434527114033699,0.2333497703075409,0.012335642240941525,0.02644304931163788,0.7551091313362122,0.24283958971500397
NVDA,0.15531514585018158,0.2670789062976837,0.1260424703359604,0.3588015139102936,0.1548869013786316,0.1504288613796234,0.5997657179832458,0.21251292526721954
NVR,0.10019771754741669,0.2630108892917633,0.02241779863834381,0.30143091082572937,0.010003628209233284,0.03820955753326416,0.7715101838111877,0.21470534801483154
NWL,0.1417645961046219,0.184625506401062,0.06682369112968445,0.3548980951309204,0.07592295110225677,0.02977176196873188,0.8197290897369385,0.19928525388240814
NWS,0.1387627273797989,0.29506993293762207,0.04827925190329552,0.33535274863243103,0.04940052330493927,0.023726116865873337,0.7611305713653564,0.25616455078125
NWSA,0.14639756083488464,0.2911738157272339,0.04247914254665375,0.30636096000671387,0.03136202692985535,0.022237660363316536,0.7718653678894043,0.253592848777771
NXPI,0.12194288522005081,0.2463671714067459,0.09125910699367523,0.38487181067466736,0.06171153485774994,0.08661670982837677,0.6375707983970642,0.18210379779338837
O,0.11026974767446518,0.3670593798160553,0.02909439243376255,0.3348116874694824,0.05201149731874466,0.04378556087613106,0.6510003805160522,0.25279146432876587
ODFL,0.14679692685604095,0.3378567099571228,0.028914086520671844,0.29599112272262573,0.02237521857023239,0.06905142217874527,0.6973917484283447,0.2556898593902588
OKE,0.12167368084192276,0.27784788608551025,0.05407384783029556,0.42818355560302734,0.17636525630950928,0.06292501837015152,0.7259316444396973,0.21078075468540192
OMC,0.16323894262313843,0.313182532787323,0.02918165922164917,0.28537657856941223,0.0252455435693264,0.030786707997322083,0.6989187598228455,0.2756478190422058
ORCL,0.12236078828573227,0.3044824004173279,0.012805446051061153,0.2718425393104553,0.0,0.025156080722808838,0.7473713755607605,0.27173861861228943
ORLY,0.09805823862552643,0.28381097316741943,0.03657687455415726,0.3437234163284302,0.022253677248954773,0.036134593188762665,0.7460816502571106,0.25911277532577515
OXY,0.17575304210186005,0.24477307498455048,0.026854675263166428,0.502697765827179,0.19413675367832184,0.04327312856912613,0.8111845254898071,0.1691708117723465
PAYC,0.13601148128509521,0.23883011937141418,0.06786929816007614,0.30715617537498474,0.0879095196723938,0.030995206907391548,0.6700730323791504,0.24957653880119324
PAYX,0.11842986941337585,0.3778638243675232,0.04100172221660614,0.29769647121429443,0.017286956310272217,0.02942024916410446,0.6649314761161804,0.24456605315208435
PBCT,0.13453015685081482,0.2847761809825897,0.05423726141452789,0.2879604399204254,0.034640684723854065,0.057077862322330475,0.6773128509521484,0.23217543959617615
PCAR,0.16566228866577148,0.2563384771347046,0.008601192384958267,0.23333150148391724,0.0002292600693181157,0.0021306793205440044,0.8245695233345032,0.26522961258888245
PEAK,0.11447267979383469,0.36826851963996887,0.02623920515179634,0.3027450442314148,0.04383290559053421,0.0227652695029974,0.6446380019187927,0.23585863411426544
PEG,0.10856938362121582,0.372737318277359,0.023749157786369324,0.32017025351524353,0.018773382529616356,0.025830546393990517,0.6974304914474487,0.24641962349414825
PENN,0.21408632397651672,0.21260859072208405,0.2029208540916443,0.42263489961624146,0.2595444917678833,0.2748529016971588,0.6440119743347168,0.210422545671463
PEP,0.12139923125505447,0.38913896679878235,0.0013790866360068321,0.32284367084503174,0.003431136952713132,0.015567555092275143,0.6632751822471619,0.2449808418750763
PFE,0.1288452446460724,0.35747230052948,0.01103027630597353,0.3104466497898102,0.009897463023662567,0.030552828684449196,0.6775477528572083,0.24950841069221497
PFG,0.11546972393989563,0.2992231249809265,0.05040339007973671,0.35388705134391785,0.058076947927474976,0.042657770216464996,0.667616069316864,0.20451907813549042
PG,0.11222187429666519,0.4241980314254761,0.002178423572331667,0.3081446886062622,0.004756310489028692,0.010981389321386814,0.6544713377952576,0.27336904406547546
PGR,0.13627256453037262,0.32044100761413574,0.043243926018476486,0.27334216237068176,0.012243173085153103,0.052598875015974045,0.640116810798645,0.27233654260635376
PH,0.14375783503055573,0.31677648425102234,0.042271096259355545,0.31425750255584717,0.07473462074995041,0.04630421847105026,0.6515815854072571,0.26687192916870117
PHM,0.0988684892654419,0.2592480480670929,0.09757242351770401,0.38062813878059387,0.1040792465209961,0.062372732907533646,0.7448925375938416,0.23823519051074982
PKG,0.12198716402053833,0.331827849149704,0.0010343702742829919,0.3007085919380188,0.011593762785196304,0.02595549263060093,0.6784626841545105,0.23295341432094574
PKI,0.10334330052137375,0.2735256254673004,0.06179272383451462,0.28843796253204346,0.04103802517056465,0.03683026507496834,0.6896491050720215,0.24466584622859955
PLD,0.10893724113702774,0.4044179916381836,0.0159175843000412,0.25132766366004944,0.004898948594927788,0.01213994063436985,0.6119009852409363,0.22557468712329865
PM,0.14888441562652588,0.3387388586997986,0.0538308322429657,0.29530808329582214,0.024946972727775574,0.045079849660396576,0.6806582808494568,0.25570183992385864
PNC,0.13085292279720306,0.28816115856170654,0.04380205646157265,0.2961656451225281,0.04765576496720314,0.02672422304749489,0.7146493792533875,0.24236208200454712
PNR,0.13460089266300201,0.3389770984649658,0.00857418030500412,0.28682568669319153,0.031198056414723396,0.042528994381427765,0.6113322973251343,0.2463577538728714
PNW,0.12083465605974197,0.36960336565971375,0.05711673945188522,0.2825588285923004,0.05117941275238991,0.02517424337565899,0.710746169090271,0.2659189701080322
POOL,0.11673541367053986,0.3208525776863098,0.011817933060228825,0.28257977962493896,0.014520473778247833,0.029289480298757553,0.6761426329612732,0.2455349564552307
PPG,0.13290995359420776,0.3619803190231323,0.03384900093078613,0.3338015675544739,0.049597352743148804,0.024991709738969803,0.7283703684806824,0.2540959119796753
PPL,0.1366311013698578,0.39366793632507324,0.058080412447452545,0.30562129616737366,0.033164553344249725,0.011935471557080746,0.6690449714660645,0.26905733346939087
PRU,0.125024676322937,0.29023659229278564,0.06389287114143372,0.3426588773727417,0.058786336332559586,0.053234394639730453,0.6706464290618896,0.19931209087371826
PSA,0.13493432104587555,0.33689555525779724,0.028575429692864418,0.26111656427383423,0.005932004656642675,0.03260479122400284,0.6797170042991638,0.2616834342479706
PSX,0.16043338179588318,0.26410892605781555,0.06370245665311813,0.3169729709625244,0.08595696836709976,0.026541924104094505,0.7641270160675049,0.21249878406524658
PTC,0.17768289148807526,0.3226763606071472,0.06911110132932663,0.29439419507980347,0.020640738308429718,0.08086913824081421,0.6342541575431824,0.21954500675201416
PVH,0.11836426705121994,0.2175537347793579,0.06152772903442383,0.3813394606113434,0.08822974562644958,0.10837628692388535,0.7544746398925781,0.2074570208787918
PWR,0.1553620845079422,0.3258368670940399,0.01670091226696968,0.29035791754722595,0.03262331336736679,0.025850525125861168,0.6980504989624023,0.22055299580097198
PXD,0.18260881304740906,0.22555139660835266,0.09495880454778671,0.3860837519168854,0.13723640143871307,0.09400613605976105,0.8190193772315979,0.21076679229736328
PYPL,0.18257226049900055,0.271750271320343,0.07993148267269135,0.2864914536476135,0.049848977476358414,0.06551767885684967,0.7265256643295288,0.2560897469520569
QCOM,0.1578313559293747,0.22683273255825043,0.043453894555568695,0.21352744102478027,0.0,0.029507184401154518,0.7448850274085999,0.2391343116760254
QRVO,0.16664470732212067,0.24158890545368195,0.0666731595993042,0.3009139895439148,0.043455589562654495,0.06385427713394165,0.7208636999130249,0.19634751975536346
RCL,0.20460085570812225,0.2848350405693054,0.11482903361320496,0.297897607088089,0.18203052878379822,0.1487782895565033,0.6612383127212524,0.2631094455718994
RE,0.10434239357709885,0.32698312401771545,0.017848260700702667,0.34249192476272583,0.0263204425573349,0.021719295531511307,0.6947255730628967,0.22507743537425995
REG,0.11232180148363113,0.3626214563846588,0.02060442790389061,0.2937745451927185,0.03741521015763283,0.03278904780745506,0.6335247159004211,0.24410979449748993
REGN,0.1574864238500595,0.2842046618461609,0.02309420146048069,0.26554200053215027,0.024355171248316765,0.022465551272034645,0.7941544055938721,0.2750515937805176
RF,0.14076276123523712,0.3177647590637207,0.025512751191854477,0.363131582736969,0.07443100214004517,0.036729153245687485,0.6583458781242371,0.21221882104873657
RHI,0.15995565056800842,0.328511506319046,0.02909587323665619,0.2608337104320526,0.008279724977910519,0.04034401476383209,0.6998048424720764,0.2274741232395172
RJF,0.12565691769123077,0.26738524436950684,0.019234146922826767,0.27956482768058777,0.01208391971886158,0.03212457150220871,0.741334080696106,0.25222301483154297
RL,0.12710873782634735,0.2918601632118225,0.022457705810666084,0.31035080552101135,0.03016786277294159,0.07010024785995483,0.6870142817497253,0.21007005870342255
RMD,0.17269310355186462,0.276355504989624,0.031453512609004974,0.2683444619178772,0.009904216043651104,0.04222650080919266,0.7321085929870605,0.25694093108177185
ROK,0.12216075509786606,0.3314650058746338,0.003471547272056341,0.2921561896800995,0.027277514338493347,0.02528741955757141,0.6752267479896545,0.2502325773239136
ROL,0.1502765417098999,0.33802780508995056,0.004236698616296053,0.2696300148963928,0.00399771286174655,0.018408240750432014,0.6952303051948547,0.2648739516735077
ROP,0.1717422753572464,0.36518627405166626,0.020556695759296417,0.292015016078949,0.020494377240538597,0.023281274363398552,0.6458886861801147,0.25129666924476624
ROST,0.12715013325214386,0.3357754349708557,0.02634297125041485,0.30304914712905884,0.013326520100235939,0.056458041071891785,0.7212543487548828,0.26338183879852295
RSG,0.13974596560001373,0.393947571516037,0.03615656495094299,0.3129500150680542,0.020408520475029945,0.04713315889239311,0.6008248329162598,0.22974169254302979
RTX,0.10938022285699844,0.32349440455436707,0.03377072140574455,0.3065701127052307,0.04471668228507042,0.03823395445942879,0.7113673090934753,0.26086103916168213
SBAC,0.1599421501159668,0.32573869824409485,0.02356048673391342,0.254232257604599,0.005374196916818619,0.018375005573034286,0.7249842882156372,0.23780177533626556
SBNY,0.1754254400730133,0.2819799482822418,0.02560906484723091,0.268860787153244,0.03804587945342064,0.025737639516592026,0.7811774611473083,0.25537925958633423
SBUX,0.10395922511816025,0.33376118540763855,0.014494458213448524,0.31699857115745544,0.012375198304653168,0.01811429299414158,0.6917719841003418,0.23678308725357056
SCHW,0.12092874944210052,0.2879297137260437,0.020665651187300682,0.27285388112068176,0.03568815067410469,0.04481468349695206,0.715097963809967,0.2504662573337555
SEDG,0.2062348574399948,0.22069151699543,0.2200145423412323,0.5135035514831543,0.2865750193595886,0.209080308675766,0.6751158833503723,0.19110172986984253
SEE,0.16259460151195526,0.32917875051498413,0.07240105420351028,0.327610582113266,0.05763351917266846,0.01325275283306837,0.6699129939079285,0.2546260356903076
SHW,0.1728736162185669,0.366207093000412,0.021456222981214523,0.2644137740135193,0.0,0.056417327374219894,0.6160998940467834,0.2645688056945801
SIVB,0.15294265747070312,0.2279338389635086,0.07738034427165985,0.3000216782093048,0.025306081399321556,0.05234312638640404,0.7238807678222656,0.21310576796531677
SJM,0.1283515989780426,0.3399917483329773,0.01792154647409916,0.2461528778076172,0.004925042390823364,0.03813689574599266,0.6821276545524597,0.27756232023239136
SLB,0.17543822526931763,0.25345540046691895,0.060893766582012177,0.36392903327941895,0.11592410504817963,0.07234509289264679,0.7092522382736206,0.15945874154567719
SNA,0.10300285369157791,0.3219694197177887,0.01563999615609646,0.27475041151046753,0.016747107729315758,0.025286614894866943,0.659999430179596,0.25496405363082886
SNPS,0.1252155900001526,0.3069963753223419,0.03390693664550781,0.26068195700645447,0.017661064863204956,0.0661751925945282,0.6434440016746521,0.2601652145385742
SO,0.12847599387168884,0.4051208198070526,0.05962425097823143,0.29321229457855225,0.03710572049021721,0.025874972343444824,0.6595225930213928,0.27518755197525024
SPG,0.13805414736270905,0.34744882583618164,0.034225646406412125,0.29402482509613037,0.008690408430993557,0.04440467432141304,0.6455045938491821,0.2084452509880066
SPGI,0.18032360076904297,0.3227773606777191,0.028583403676748276,0.2612745463848114,0.027588393539190292,0.03175844997167587,0.6465716361999512,0.26545313000679016
SRE,0.12825119495391846,0.32085704803466797,0.07541830837726593,0.33681628108024597,0.05103728175163269,0.022261647507548332,0.691524088382721,0.23619651794433594
STE,0.16248013079166412,0.3339315354824066,0.023513011634349823,0.25874975323677063,0.010943775996565819,0.04000384733080864,0.6823954582214355,0.24551856517791748
STT,0.15237297117710114,0.27477705478668213,0.007068501319736242,0.29369837045669556,0.030176110565662384,0.045719463378190994,0.6748329997062683,0.22977428138256073
STX,0.18879647552967072,0.26034262776374817,0.009778707288205624,0.2523120641708374,0.011661100201308727,0.02569499798119068,0.7176728248596191,0.24820709228515625
STZ,0.12658946216106415,0.36092808842658997,0.06960125267505646,0.3567120134830475,0.04459170252084732,0.019876301288604736,0.7028780579566956,0.25867193937301636
SWK,0.13050255179405212,0.28163811564445496,0.03669799864292145,0.3142480254173279,0.07209403067827225,0.05743228644132614,0.6908453106880188,0.24448184669017792
SWKS,0.13720154762268066,0.21932685375213623,0.04463951662182808,0.27345556020736694,0.026959430426359177,0.07370102405548096,0.708384096622467,0.21040230989456177
SYF,0.13056713342666626,0.3066325783729553,0.05691450089216232,0.35982567071914673,0.08123553544282913,0.08283621072769165,0.6616114974021912,0.22833381593227386
SYK,0.14476953446865082,0.31234583258628845,0.009304758161306381,0.32098549604415894,0.031118249520659447,0.029103949666023254,0.7472860217094421,0.2468622922897339
SYY,0.13573701679706573,0.27655884623527527,0.06031079962849617,0.34850403666496277,0.07756052166223526,0.02731281891465187,0.7297684550285339,0.2422945648431778
T,0.11523786932229996,0.30697521567344666,0.009689269587397575,0.3059273362159729,0.0034734681248664856,0.014162473380565643,0.778883159160614,0.26216402649879456
TAP,0.11077681183815002,0.3352440893650055,0.02525227516889572,0.3212389349937439,0.013365648686885834,0.009677501395344734,0.745286226272583,0.2630425691604614
TDG,0.13074886798858643,0.2822701930999756,0.09147817641496658,0.33938080072402954,0.09721692651510239,0.07152926921844482,0.7032377123832703,0.25762441754341125
TDY,0.10797253996133804,0.35817766189575195,0.024800773710012436,0.28704044222831726,0.043377846479415894,0.04241728037595749,0.6268308758735657,0.2557518482208252
TECH,0.1622040867805481,0.29950350522994995,0.02205597795546055,0.21903268992900848,0.006420287303626537,0.030943885445594788,0.691676676273346,0.24782247841358185
TEL,0.13671667873859406,0.338888555765152,0.023440400138497353,0.34619301557540894,0.03963503986597061,0.07347143441438675,0.6481849551200867,0.23072928190231323
TER,0.11853256076574326,0.274802029132843,0.050036411732435226,0.2997775971889496,0.03834419324994087,0.10940749198198318,0.6189361214637756,0.2229393720626831
TFX,0.12282679975032806,0.3140057623386383,0.044708315283060074,0.321745902299881,0.040332768112421036,0.04934920370578766,0.7657862901687622,0.23272499442100525
TGT,0.1296524703502655,0.29694104194641113,0.004113332834094763,0.29130178689956665,0.004036191385239363,0.060153450816869736,0.6475472450256348,0.2148684859275818
TJX,0.15128447115421295,0.2896338105201721,0.026499731466174126,0.29167529940605164,0.013924503698945045,0.06245043873786926,0.6756149530410767,0.21955296397209167
TMO,0.12156441807746887,0.30680257081985474,0.03229575976729393,0.2461027204990387,0.00939195603132248,0.0213351771235466,0.7097051739692688,0.28924357891082764
TMUS,0.15894240140914917,0.3608817160129547,0.035198986530303955,0.2651475667953491,0.018635034561157227,0.014652363024652004,0.6635823845863342,0.26290181279182434
TPR,0.1268119364976883,0.2783832848072052,0.13923382759094238,0.3866487741470337,0.11574826389551163,0.06153716892004013,0.6776049137115479,0.25838541984558105
TRMB,0.1830517053604126,0.3412517011165619,0.02289535105228424,0.2665099501609802,0.010820635594427586,0.0494418628513813,0.6529362201690674,0.23266354203224182
TROW,0.13944590091705322,0.30274561047554016,0.03153281286358833,0.3021644651889801,0.010898949578404427,0.03076159581542015,0.7169589400291443,0.2540590763092041
TRV,0.13017484545707703,0.34791773557662964,0.022518068552017212,0.34086576104164124,0.04111242666840553,0.007180933840572834,0.6612220406532288,0.23702068626880646
TSCO,0.14042620360851288,0.3309623897075653,0.051395170390605927,0.2579279839992523,0.020616866648197174,0.03477790579199791,0.6535741090774536,0.2626807987689972
TSLA,0.23425911366939545,0.1739981472492218,0.20048320293426514,0.3083987236022949,0.24305760860443115,0.24221019446849823,0.4724996089935303,0.2225518673658371
TSN,0.17231552302837372,0.29549717903137207,0.052183929830789566,0.3094792068004608,0.05876960605382919,0.06784210354089737,0.7415732145309448,0.2440984696149826
TT,0.12417832762002945,0.3277764916419983,0.011755436658859253,0.28627848625183105,0.00754134077578783,0.04000934585928917,0.7039043307304382,0.24937337636947632
TTWO,0.1461055427789688,0.2776063084602356,0.060809701681137085,0.3211504817008972,0.07178813219070435,0.043774623423814774,0.7343125343322754,0.2400365173816681
TWTR,0.18736842274665833,0.20778514444828033,0.030429383739829063,0.2561233341693878,0.0328020416200161,0.04701189696788788,0.8807452917098999,0.19909466803073883
TXN,0.11462120711803436,0.2591329514980316,0.04101621359586716,0.28130343556404114,0.009598624892532825,0.020154928788542747,0.7858456373214722,0.2503087520599365
TXT,0.11496507376432419,0.3449717164039612,0.04587257280945778,0.3639541268348694,0.07316548377275467,0.02716825343668461,0.6279523372650146,0.22998571395874023
TYL,0.16796495020389557,0.3349398672580719,0.003965241834521294,0.22760574519634247,0.0006908467621542513,0.03510012477636337,0.6447948813438416,0.2745722234249115
UA,0.21454578638076782,0.2737133502960205,0.12289201468229294,0.26216137409210205,0.1039741039276123,0.10426435619592667,0.5564265251159668,0.293707013130188
UAA,0.20200678706169128,0.2708992063999176,0.12490952759981155,0.2423441857099533,0.11631522327661514,0.0949147641658783,0.5757408738136292,0.280448853969574
UAL,0.17459742724895477,0.3061370551586151,0.1973751038312912,0.37702828645706177,0.22170566022396088,0.23379629850387573,0.6759905219078064,0.1934201717376709
UDR,0.10276646912097931,0.3864024579524994,0.038151390850543976,0.3398708701133728,0.04707842320203781,0.010563270188868046,0.6232563853263855,0.22184579074382782
UHS,0.1463695764541626,0.2832877039909363,0.021111326292157173,0.27753937244415283,0.011050527915358543,0.03748462721705437,0.7472838163375854,0.23694980144500732
ULTA,0.14145241677761078,0.24269580841064453,0.04168079048395157,0.3006398677825928,0.025717370212078094,0.09128540754318237,0.7721790671348572,0.2723710536956787
UNH,0.14921340346336365,0.2964079678058624,0.04714719578623772,0.3053244948387146,0.04100951552391052,0.037335943430662155,0.7512338757514954,0.27334919571876526
UNP,0.1459832638502121,0.27159786224365234,0.007905320264399052,0.22879460453987122,0.020270997658371925,0.0160465519875288,0.7595745325088501,0.304513156414032
UPS,0.12537840008735657,0.23663268983364105,0.010120188817381859,0.32080078125,0.005033739842474461,0.030972763895988464,0.8660439848899841,0.24690164625644684
URI,0.15512390434741974,0.2932959794998169,0.03043043613433838,0.29617181420326233,0.03799111023545265,0.061730947345495224,0.6335276365280151,0.22380533814430237
USB,0.13946181535720825,0.31062600016593933,0.006931867450475693,0.28529590368270874,0.031283944845199585,0.020112162455916405,0.7070943117141724,0.22895582020282745
V,0.12431932985782623,0.2842028737068176,0.028464527800679207,0.29038894176483154,0.025136863812804222,0.03440392017364502,0.7010064125061035,0.24972394108772278
VFC,0.17082621157169342,0.27402809262275696,0.031215086579322815,0.30302679538726807,0.027206899598240852,0.02870182879269123,0.6970581412315369,0.21854177117347717
VIAC,0.14957895874977112,0.25837457180023193,0.08685502409934998,0.3684656620025635,0.12605631351470947,0.11405664682388306,0.7087711691856384,0.21404215693473816
VLO,0.13641420006752014,0.2490810751914978,0.1443253755569458,0.40351617336273193,0.14416280388832092,0.11558245122432709,0.7687405943870544,0.19410662353038788
VMC,0.14325028657913208,0.31645089387893677,0.025743640959262848,0.283868670463562,0.01728169061243534,0.007707639597356319,0.7856804132461548,0.2809661030769348
VNO,0.1577688455581665,0.341113418340683,0.010656432248651981,0.26575636863708496,0.03406887128949165,0.02361568994820118,0.6484684944152832,0.20639459788799286
VRSK,0.15418601036071777,0.3960838317871094,0.02226082980632782,0.26107877492904663,0.012733918614685535,0.03989822044968605,0.6181396245956421,0.2771183252334595
VRSN,0.14419418573379517,0.2866596579551697,0.023673931136727333,0.25076210498809814,0.019213616847991943,0.04591256007552147,0.7318093776702881,0.2719917893409729
VRTX,0.1398044228553772,0.2360157072544098,0.007626209873706102,0.24698953330516815,0.019368110224604607,0.030137959867715836,0.7740541696548462,0.25843653082847595
VTR,0.17617177963256836,0.34599947929382324,0.03421330451965332,0.2940186560153961,0.008700390346348286,0.07167501747608185,0.6801806688308716,0.21246437728405
VTRS,0.11902410537004471,0.24819430708885193,0.045170679688453674,0.3074983060359955,0.015186838805675507,0.038564592599868774,0.7950952053070068,0.23728078603744507
VZ,0.09155432134866714,0.4122202396392822,0.0032398849725723267,0.33128535747528076,0.002429519547149539,0.013115471228957176,0.649773895740509,0.2560560405254364
WAB,0.14937442541122437,0.2743285894393921,0.015563486143946648,0.32862019538879395,0.026373431086540222,0.06510907411575317,0.7319750785827637,0.22720666229724884
WAT,0.12749212980270386,0.34250399470329285,0.050233643501996994,0.3021171987056732,0.012169678695499897,0.021440470591187477,0.7435184717178345,0.2571934163570404
WBA,0.12175614386796951,0.29026180505752563,0.010140839964151382,0.2843804955482483,0.021952781826257706,0.037657201290130615,0.7401420474052429,0.23609571158885956
WDC,0.12914685904979706,0.21598146855831146,0.04385221377015114,0.32550501823425293,0.035180527716875076,0.11354967206716537,0.717924952507019,0.20821169018745422
WEC,0.1727844476699829,0.4281366765499115,0.03585556522011757,0.2456740438938141,0.02226095274090767,0.014567841775715351,0.6270618438720703,0.2764880359172821
WELL,0.1625407636165619,0.33653464913368225,0.00923158973455429,0.28961634635925293,0.022228922694921494,0.07328082621097565,0.6852295994758606,0.2182708978652954
WFC,0.09294859319925308,0.2715057134628296,0.01006732415407896,0.32291513681411743,0.015344520099461079,0.03319171071052551,0.7104285955429077,0.22669760882854462
WHR,0.14895235002040863,0.3236117660999298,0.023320944979786873,0.316913366317749,0.03520134091377258,0.02194134145975113,0.664955735206604,0.2427169531583786
WLTW,0.16458572447299957,0.320684015750885,0.01776677742600441,0.2836104929447174,0.012009642086923122,0.05581096559762955,0.6569012403488159,0.2644948661327362
WM,0.12423156201839447,0.3835029602050781,0.008805520832538605,0.33367210626602173,0.0005205317283980548,0.03263862803578377,0.6516640782356262,0.2298303097486496
WMB,0.15094023942947388,0.2663300633430481,0.04616067558526993,0.29321905970573425,0.0661109983921051,0.03150114417076111,0.7738096714019775,0.19509808719158173
WMT,0.1160772293806076,0.36849603056907654,0.0007461817585863173,0.31547820568084717,0.0,0.04112904891371727,0.6945227384567261,0.2398744821548462
WRB,0.09088888764381409,0.36794617772102356,0.04501428082585335,0.32958656549453735,0.022193804383277893,0.037698548287153244,0.6150509715080261,0.24297554790973663
WRK,0.1612394005060196,0.31271135807037354,0.016533775255084038,0.3464336097240448,0.048717278987169266,0.03874834254384041,0.6994345784187317,0.2299976646900177
WST,0.17236287891864777,0.37140077352523804,0.011145786382257938,0.29036861658096313,0.005523749627172947,0.028820008039474487,0.6938278079032898,0.25133806467056274
WY,0.1295688897371292,0.30885958671569824,0.02897285670042038,0.2872046232223511,0.05804171413183212,0.05945425108075142,0.660534679889679,0.22908622026443481
WYNN,0.14016546308994293,0.2219649702310562,0.07239732891321182,0.40023255348205566,0.10203278809785843,0.09214270114898682,0.7873638868331909,0.19111259281635284
XEL,0.15743684768676758,0.3903104364871979,0.016190199181437492,0.29519379138946533,0.008578818291425705,0.027567477896809578,0.69161057472229,0.2553962767124176
XLNX,0.15745580196380615,0.23413854837417603,0.05875932425260544,0.3070232570171356,0.06159014627337456,0.06009867042303085,0.7128410339355469,0.2038625031709671
XOM,0.15672338008880615,0.2904532551765442,0.03359317034482956,0.31431689858436584,0.04040070250630379,0.037659354507923126,0.8145675659179688,0.2066413164138794
XRAY,0.12564440071582794,0.2796853482723236,0.03919568657875061,0.3214980661869049,0.03288235515356064,0.02934471145272255,0.7547715902328491,0.21529774367809296
XYL,0.10113323479890823,0.2872717082500458,0.011649812571704388,0.26583218574523926,0.018399149179458618,0.02740716002881527,0.6395214200019836,0.23630759119987488
YUM,0.12291372567415237,0.3506259322166443,0.01028237584978342,0.27240291237831116,0.007563378196209669,0.04208255559206009,0.660615861415863,0.2689256966114044
ZBH,0.16149725019931793,0.265153706073761,0.004346241243183613,0.3055889308452606,0.034609097987413406,0.0195783581584692,0.8055889010429382,0.21673940122127533
ZBRA,0.17218658328056335,0.2540617883205414,0.03143748268485069,0.30517318844795227,0.020775804296135902,0.057512085884809494,0.6694344282150269,0.23791590332984924
ZION,0.14200009405612946,0.2904900014400482,0.021708354353904724,0.28610286116600037,0.007918981835246086,0.057624123990535736,0.7026104927062988,0.21582767367362976
ZTS,0.11155954748392105,0.30066728591918945,0.038485798984766006,0.3074604570865631,0.03714212775230408,0.038558874279260635,0.7136744856834412,0.2801232933998108
